軌道業者,停車場ID,停車場名稱,緯度,經度,費率資訊,電動車充電樁,地址
TRA,TRAJTY0120,岡山站前南側停車場,22.79203,120.29937,"計時:小型車每三十分鐘收費  15 元。平日最高100元，假日最高120元 ,計次:機車每次收費  50元。            ",有,820高雄市岡山區中山南路535號
TRA,TRAJTY0131,屏東站前東側停車場,22.669109344482422,120.48815155029297,機車平日25/假日35 汽車每半小時15,無,屏東縣屏東市  擇仁里公勇路 62 號
TRA,TRAJTY0127,新左營停1,22.68655014038086,120.30596160888672,汽車每小時50,無,高雄市左營區高鐵路103號
TRA,TRAJSY4010,羅東停四停車場,24.677019119262695,121.77497100830078,機車臨停每次20元、機車月租500元。,無,宜蘭縣羅東鎮公正路2號
TRA,TRAJSY4001,頭城停一停車場,24.858299255371094,121.82260131835938,"汽車計時平日每日50元;假日每日100元;機車計時10元,每日上限30元",無,宜蘭縣頭城鎮纘祥路59號
TRA,TRAJLY0105W,臺北車站西區地下停車場,25.04754066467285,121.51538848876953,平日60元/時，假日70元/時，停車未滿半小時以半小時計，當日每次優惠最高500元(隔日另計)；月租全日7000元(身障半價),有,臺北市中正區北平西路3號西區B1
TRA,TRAJTY0164,美術館站附屬停車場,22.65462,120.28123,15元/半小時，入場12H最高80元。,有,高雄市鼓山區翠華路267號(台鐵美術館站)停車場
TRA,TRAJTY0163,內惟站附屬停車場,22.66679,120.28828,半小時20元.12小時120元,有,高雄市鼓山區馬卡道路421號
TRA,TRAJSY4013,蘇澳停一停車場,24.59528923034668,121.85247802734375,汽車每30分/15元、每日最高100元，月租1200元，機車及自行車每日/次20元，月租300元,無,宜蘭縣蘇澳鎮蘇南里太平路1號
TRA,TRAJTY0139,鼓南停車場,22.61965,120.27264,每半小時50元，當日連續停放最高500元。,無,高雄市鼓山區鼓南段一小段475-12地號部分土地(濱海一路上)
TRA,TRAJNY3304,豐富停1,24.60403060913086,120.82689666748047,汽車每半小時10元(當日最高70元)，機車每次30元,無,苗栗縣後龍鎮高鐵一路66號
TRA,TRAJLY1308,新店碧潭停車場,24.96076,121.53781,40元/時，月租4600元,無,新北市新店區環河路19巷5弄2號
TRA,TRAJTY0130,屏東站前西側機車停車場,22.66913,120.4832,機車平日20/假日30,無,屏東縣屏東市  擇仁里公勇路 62 號
TRA,TRAJAB0201,松山BOT多目標棟停車場,25.04907989501953,121.58106231689453,20元/半小時 12小時180元,無,臺北市南港區市民大道七段8號9樓
TRA,TRAJLY0107E,松山車站東區地下機車停車場,25.04905,121.58044,臨停15元/半小時，當日當次最高收費上限30元，跨日另計；月租:300元,無,臺北市松山區松山路11號
TRA,TRAJTY0140,山下里停車場,22.62834,120.27893,每半小時15元,有,高雄市鼓山區鼓山一路119巷2號
TRA,TRAJSY4012,頭城停二停車場,24.85761,121.82229,汽車平日每次50元、假日每次100元,無,宜蘭縣頭城鎮纘祥路59號
TRA,TRAJNY3402,民雄停車場,23.55578,120.4316,小型車:平日每次100元，假日每次180元 ；月租1000元。機車:每日20元；月租400元。腳踏車:每日10元；月租200元。,無,嘉義縣民雄鄉東榮村和平路2號
TRA,TRAJTY0122,榮帝岡山停5停車場,22.7933,120.29691,平日、假日每半小時30元，當日最高收費150元 月租:1200元 ,有,高雄市岡山區民有路６８號
TRA,TRAJTY0145,市中一路停車場,22.637069702148438,120.28652954101562,每半小時30元(當日連續停放最高收費300元),無,高雄市三民區市中一路453號
TRA,TRAJNY0109,大慶車站附設停車場,24.118560791015625,120.6470718383789,汽車：20元/時；,無,臺中市南區樹德里7鄰大慶街2段130號
TRA,TRAJNY0110,新烏日站法定停車場,24.10909,120.61451,機車:平日30元/次 ，假日40元/次，汽車：30元/時；平日最高：120元，假日最高：150元,有,臺中市烏日區高鐵東一路26號地下1-2樓
TRA,TRAJLY1302,樹林車站後站停車場,24.990589141845703,121.42375183105469,機車：每次/日：35元。 汽車：40元/每小時，平日每日上限280元，假日每日上限600元。身障汽機車: 每小時半價計。,無,新北市樹林區後站街3巷
TRA,TRAJNY0101,豐原火車站附設停車場,24.255830764770508,120.72464752197266,平日20/每小時，假日30元/每小時,有,臺中市豐原區中正路1-1號
TRA,TRAJNY0106,精武車站附設停車場,24.150720596313477,120.69792175292969,機車平日$10/12小時，假日$20/12小時(當日當次，隔日另計),無,臺中市東區東光路161號
TRA,TRAJTY0142,鹽埕停車場,22.631689071655273,120.28359985351562,每半小時40元，當日最高300元，月租3500元,無,高雄市鹽埕區建國四路-北斗街
TRA,TRAJSY0104,玉里停一停車場,23.33092,121.31196,目前暫時未收費,無,花蓮縣康樂街39號
TRA,TRAJTY0102,鳳山火車站法定停車場,22.631479263305664,120.35514068603516,機車平日30/假日40 汽車平日15/半小時 (當日最高150) 假日20/半小時 (當日最高200),無,高雄市鳳山區830曹公路68號
TRA,TRAJTY0135,林邊停車場,22.43151092529297,120.51573944091797,小型車每次收費50元、機車每次收費10元，隔日另計,無,屏東縣林邊鄉  仁和村仁愛路 33 號
TRA,TRAJLY2610,基隆停4,25.132980346679688,121.73535919189453,停車未滿5分鐘免費，每小時40元累積計費,無,基隆市安樂區西定路82號
TRA,TRAJLY2606,七堵停3,25.09777,121.71602,臨停：每半小時15元，每小時30元，平日停車費最高120元，假日停車費最高150元,無,基隆市七堵區崇義街6巷1號
TRA,TRAJSY4202,臺東停2停車場,22.79463,121.12318,每日每次10元,無,臺東縣臺東市岩灣里岩灣路101巷598號
TRA,TRAJTY0128,新左營停2,22.68927001953125,120.30841827392578,機車平日25/假日30,無,高雄市  尾北里站前路 
TRA,TRAJNY0105,松竹火車站附設停車場,24.17816,120.70165,每小時:20元,有,臺中市北屯區松竹路一段1473巷100號
TRA,TRAJSY4005,宜蘭停五停車場,24.75341,121.75885,"計時平日1小時以內60元,1小時以上每半小時30元;汽車月租3600元",有,宜蘭縣宜蘭市林森路105號
TRA,TRAJLY2607,基隆停1,25.133800506591797,121.73444366455078,臨停：每小時20元，12小時80元；月租：6000元/季繳,無,基隆市安樂區西定路103號
TRA,TRAJLY0104,臺北車站西側地上停車場,25.048009872436523,121.51573181152344,臨停：平日50元/時，停車未滿半小時以半小時計，當日每次優惠最高300元(隔日另計)；機車10元/時，當日每次優惠最高800元(隔日另計)。月租：全日6000元，機1200元 (身障半價)；租賃車：7500元,有,臺北市中正區北平西路3號西側地面
TRA,TRAJLY2601,汐止停1,25.064210891723633,121.65328216552734,臨停：40元/小時、夜間10元/小時(以24-06為夜間) ，當日最高收費350元,無,新北市汐止區大同路二段182號旁高架橋下
TRA,TRAJNY3301,竹南法定停車場,24.68634033203125,120.88040161132812,每半小時10元,無,苗栗縣竹南鎮中山路166號
TRA,TRAJLY2604,汐止停4,25.07132911682129,121.66487121582031,計時：15元/30分鐘， 12小時最高100元；月租：3000元/月,無,新北市汐止區大同路二段637號對面高架橋下
TRA,TRAJLY2605,七堵停1,25.0931396484375,121.71459197998047,臨停每30分鐘15元，每1小時30元，逾30分鐘以1小時計算，當日最高180元。,無,基隆市七堵區東新街2號
TRA,TRAJNY3404,嘉義林森西路停車場,23.48086,120.44345,汽車：每半小時10元 / 機車：每次20元,無,嘉義市西區番社里林森西路502號
TRA,TRAJNY3303,苗栗停3,24.5568,120.81538,計時場：每小時20元，月租2400元/計次場：每次60元,有,苗栗縣苗栗市至公路183號
TRA,TRAJNY3403,大林停車場,23.60157,120.45609,小型車30元/時、機車計次20元/日，小型車月租1200元、機車月租450元,無,嘉義縣大林鎮中山路2號
TRA,TRAJNY0111,建國段停車場,24.13705,120.68376,計時:汽車平日半小時20元，當日最高200元，國定例假日汽車半小時30元，當日最高300元，優惠時段(00:00~08:00)半小時10元，機車平日30元，假日40元,無,臺中市中區建國路111號旁
TRA,TRAJNY2305,員林靜修停車場,23.96215,120.56969,每日20元，不分平假日,無,彰化縣員林市靜修路
TRA,TRAJNY2303,員林莒光停車場,23.96964,120.5684,計時，月租,無,彰化縣員林市和平里莒光路722號旁鐵路高架平面空地
TRA,TRAJSY4007,宜蘭停七停車場,24.75344,121.75658,計時: 小型車平日30元/小時，當日最高收費120元；假日40元，當日最高收費180元,有,宜蘭縣宜蘭市和睦路
TRA,TRAJSY4009,羅東停三停車場,24.67837,121.77503,汽車平日每小時30元、當日上限150元，假日每小時40元、當日最高上限200元；全日月租3000元，機車每小時10元，每日上限30元，全日月租500元。,有,宜蘭縣羅東鎮公正路2號
TRA,TRAJNY2603,沙鹿車站停車場,24.237239837646484,120.55783081054688,臨停  汽車：40元/時，機車：40元/次；月租  汽車：3000元/月，機車：500元/月,無,臺中市沙鹿區中正街94號
TRA,TRAJNY2602,大甲車站站前停車場,24.344789505004883,120.62687683105469,平日汽車每小時30元，最高100元，假日每小時40元，最高150元,無,臺中市大甲區大甲里中山路一段832號
TRA,TRAJNY0108,五權車站附設停車場,24.12803077697754,120.66471099853516,汽車計時: 20元/小時 12小時最高120元     機車計次:平日10元/日/次   假日30元/日/次,無,臺中市南區福平里建國南路二段201號
TRA,TRAJTY0165,鼓山站附屬停車場,22.64186,120.28067,半小時15元24小時100元,有,高雄市鼓山區鐵路街20巷5號
TRA,TRAJSY0102,花蓮停四停車場,23.9938,121.60239,臨停部份40元／天(如有優惠方案則另行公告之)月租部份$900元／月繳(如有優惠方案另行公告之),無,970花蓮縣花蓮市國聯一路100-5號
TRA,TRAJTY0167,正義站附屬停車場,22.63508,120.34236,30元/半小時當日最高200元(隔日另計),有,高雄市三民區正義路311巷(台鐵正義站)停車場
TRA,TRAJSY4201,臺東停1停車場,22.79158,121.12279,每日每次20元,無,臺東縣臺東市岩灣里岩灣路101巷610號後方
TRA,TRAJTY0105,新營東(後)站停車場,23.305700302124023,120.32353973388672,機車20 汽車8時~22時 每小時20元，時段最高160元；22時~8時 每小時10元，時段最高38元,無,臺南市新營區  中營里工業街34號
TRA,TRAJLY0107W,松山車站西區地下機車停車場,25.04928,121.57715,臨停15元/半小時，當日當次最高收費上限30元，跨日另計；月租:300元,無,臺北市松山路11號
TRA,TRAJTY0132,屏東站西側法定停車場,22.668949127197266,120.48626708984375,機車平日20/假日30 汽車每半小時10,無,屏東縣 屏東市 擇仁里公勇路 62 號
TRA,TRAJTY0115,中洲停1,22.904850006103516,120.25279235839844,每小時10元，周一至周四最高收費25元，周五、例假日(含假日前日)最高收費30元,無,臺南市仁德區  中洲五街236號
TRA,TRAJNY0103,栗林火車站附設停車場,24.235279083251953,120.71098327636719,每小時:20元,無,臺中市潭子區潭豐路二段747號
TRA,TRAJSY4006,宜蘭停六停車場,24.751419067382812,121.756591796875,"計時平日1小時以內60元,1小時以上每半小時30元;月租3600元",有,宜蘭縣宜蘭市宜興路一段130號
TRA,TRAJLY1301,板橋車站地下停車場,25.01531982421875,121.46395874023438,機車:10元/每小時，1天最高收50元，季繳:1800元。汽車﹕40元/每小時，每10小時/200元，月租: 4000元，季繳:10800元，身障季繳: 6000元,有,新北市板橋區縣民大道2段7號 (B1~B3)
TRA,TRAJLY1706,楊梅停1,24.913869857788086,121.14682006835938,機車 30元/日，汽車10元/半小時，每日上限180元，機車月租600元、汽車1800元,無,桃園市楊梅區光前街4號
TRA,TRAJLY1304,板橋府中停車場,25.00802,121.45859,"機車40元/每次,汽車60元/小時(平日),100元(假日)",有,新北市板橋區縣民大道1段193號
TRA,TRAJLY1307,永和大新街停車場,25.00791,121.51841,平日: 50元/時，假日:60元/時,無,新北市永和區大新街109巷2號
TRA,TRAJSY0103,壽豐停一停車場,23.869529724121094,121.51119232177734,"計時:20/小時,24小時上限60",無,花蓮縣壽豐鄉壽山路1號
TRA,TRAJLY2608,基隆停2併入基隆停4,25.13347053527832,121.7359619140625,臨停：每小時20元，當日(7:00-18:00)最高50元。,無,基隆市安樂區中山區西定路98巷16號
TRA,TRAJLY1305,浮洲停車場,25.00469,121.44161,15元/半小時,有,新北市板橋區大觀路1段38巷180號
TRA,TRAJTY0137,竹田汽車停車場,22.587169647216797,120.53984069824219,汽車平日每小時5元 假日每小時10元,無,屏東縣竹田鄉豐明路27號之1
TRA,TRAJTY0146,三鳳自立停車場,22.63888,120.29549,平日15元/半小時，當日最高90元；假日20元/半小時，當日最高120元,有,高雄市三民區三德西街24號
TRA,TRAJSY4004,宜蘭停一停車場,24.75676918029785,121.75843048095703,"計時平日1小時以內60元,1小時以上每半小時30元;月租4000元",有,宜蘭縣宜蘭市宜興路一段332號
TRA,TRAJTY0124,榮帝岡山車站停車場,22.79266,120.29934,"平日08-22時每小時30元，時段最高190元，平日22-08時每小時20元，時段最高60元。假日08-22時每小時40元，時段最高250元，假日22-08時每小時20元，時段最高60元。月租3,000元，季租8,500元，營業時間24小時。",無,岡燕路1號
TRA,TRAJTY0144,高雄停12 (長明街),22.63825,120.31209,每半小時40元(當日連續停放最高收費600元),有,高雄市三民區長明街與長明街38巷口
TRA,TRAJSY4008,羅東停一停車場,24.67702,121.77414,汽車平日每小時30元、12小時上限150元，假日每小時40元、當日最高上限200元；全日月租3000元，機車每小時10元，每日上限30元，全日月租500元。,有,宜蘭縣羅東鎮公正路2號
TRA,TRAJNY3401,斗六車站法定停車場,23.71243,120.54288,計時:汽20元(0.5時) 計次:機車20元/次(w1-4) 30元/次(w5-假日)    當日最高:汽車180元(w1-4) 220元(w5-假日)  月租:汽車800元  機車:200元,有,雲林縣斗六市民生路243號(旁)
TRA,TRAJNY2304,員林雙平停車場,23.96474,120.56963,每半小時10元，當日當次最高上限150元,無,彰化縣員林市和平里雙平路32號旁鐵路高架下層平面空地
TRA,TRAJLY1303,樹林車站前站停車場,24.99122,121.42481,"機車35元/每次, 汽車20元/半小時(平日),25元/半小時(假日),每日上限280元,月租3000元",無,新北市樹林區鎮前街112號
TRA,TRAJTY0134,潮州驛站商場停車場,22.55166,120.53594,汽車每半小時10,無,屏東縣潮州鎮  新榮里信義路 111 號
TRA,TRAJLY1705,埔心停1,24.919469833374023,121.18395233154297,40元/次,無,桃園市楊梅區永美路208號
TRA,TRAJNY3406,虎尾停車場,23.705379486083984,120.43549346923828,固定:800元/月 非固定:500元/月 ，當日最高60元，20元/時,無,雲林縣虎尾鎮中山路3-24號
TRA,TRAJSY4011,冬山停一停車場,24.635549545288086,121.79299926757812,汽車每小時50元、未滿1小時以1小時計，逾1小時以上以每半小時為付費單位；月租2500元，機車每日、每次20元、月租500元。,有,宜蘭縣冬山鄉冬山村中正路 1 號
TRA,TRAJLY1703,中壢停8,24.942960739135742,121.21499633789062,30元/時,無,桃園市中壢區平鎮區新富一街11號
TRA,TRAJSY4002,礁溪停一停車場,24.826749801635742,121.77474212646484,"汽車計時平日每小時30元;假日每小時40元;機車計次,每次30元",有,宜蘭縣礁溪鄉德陽村溫泉路1號
TRA,TRAJLY0105E,臺北車站東區地下停車場,25.047319412231445,121.5197982788086,臨停：平日60元/時，假日70元/時，停車未滿半小時以半小時計，當日每次優惠最高500元(隔日另計)；機車10元/時，當日每次優惠最高100元(隔日另計)。月租：全日7000元，機1200元 (身障半價),有,臺北市中正區北平西路3號東區B1
TRA,TRAJTY0119,歐派克南岡山捷運停車場,22.780359268188477,120.30223083496094,機車平日25/假日30,無,高雄市岡山區崙子頂路2號出口南岡山捷運站
TRA,TRAJTY0143,高雄停11,22.63823,120.30891,每半小時30元(當日連續停放最高收费300元),無,高雄市三民區長明街126號旁
TRA,TRAJTY0162,左營站附屬停車場,22.67423,120.29491,40/時,有,高雄市左營區翠華路1050號(台鐵左營站)停車場
TRA,TRAJSY4003,礁溪停二停車場,24.82687,121.77503,計時平日每半小時15元;假日每半小時20元;月租3000元,無,宜蘭縣德陽村溫泉路1號
TRA,TRAJNY3302,苗栗車站東站停車場,24.56938,120.82261,臨停 汽車：20元/時，機車：30元次；月租 汽車：2400元/月，機車：500元/月,無,苗栗縣 為公路1號
TRA,TRAJTY0133,潮州北側機車停車場,22.551300048828125,120.5365982055664,機車每日15,無,屏東縣潮州鎮信義路111號
TRA,TRAJLY26025,基隆停3,25.134780883789062,121.74067687988281,每日/每次：30元（當日零時至24時），跨日累計計價。,無,基隆市中山區仁愛區港西街53號
TRA,TRAJNY0104,頭家厝火車站附設停車場,24.19638,120.70408,每小時:20元,無,臺中市頭張東路43巷8號
TRA,TRAJTY0157,臺南停5,22.99803924560547,120.21247863769531,機車每日：50 元 機車月租：1200元,無,臺南市東區北門路二段14號
TRA,TRAJLY2611,基隆停5,25.13088035583496,121.73825073242188,臨停： 汽車平日每小時30元，假日每小時40元。(當日上限220，不分平假日) 以半小時累計，停車未逾30分鐘者以半小時計收，逾30分鐘者以1小時計收。 機車每次20元（當日零時至24時），跨日累計計價。,無,基隆市中山區仁愛區孝四路12號
TRA,TRAJTY0123,岡山停6,22.794559478759766,120.29640197753906,"半小時計費30元，當日最高上限300元，月租3,000元",有,高雄市岡山區平和路6號對面
TRA,TRAJLY1704,竹中停1,24.781219482421875,121.0320816040039,平日:30元/時，假日:40元/時,無,新竹縣竹東鎮竹中火車站旁
TRA,TRAJTY0147,二聖公有停車場,22.61348,120.32891,汽車:30元/每6小時(當日最高60元)、汽車月租1800元/月 ,有,高雄市鳳山區二聖路
TRA,TRAJTY0103,鳳山站前停車場,22.63104,120.35775,機車：平日：25元/每日(次)、假日：30元/每日(次) 機車月租：450元/月 汽車:15元/半小時(當日最高70元) 汽車月租：800元/月 2000元/3個月,有,高雄市曹公路及曹謹路轉角
TRA,TRAJNY0107,太原火車站附設停車場,24.162660598754883,120.69969940185547,"機車平日$10/12小時,假日$20/12小時(當日當次,隔日另計),汽車平日$20/小時,上限$120/12小時(當日當次,隔日另計)",無,臺中市北屯區東光路550號
TRA,TRAJTY0126,九曲堂停車場,22.656330108642578,120.42082977294922,機車平日30/假日32,無,高雄市大樹區  久堂里久堂路鐵路巷 15 號
TRA,TRAJNY0102,潭子火車站附設停車場,24.21133041381836,120.70590209960938,平日:20/每小時，假日30元/每小時,無,臺中市潭子區中山路二段352-1號
TRA,TRAJAB0101,臺中火車站地下停車場,24.13644027709961,120.68695068359375,平日/日間收費 30元／一小時。  假日收費 50元／一小時。  機車臨停 平日30元/日/次， 假日50元/日/次。,無,臺中市中區臺灣大道一段一號
TRA,TRAJNY3405,斗南停車場,23.67391,120.47808,"每30分鐘20元；當日最高收費300元。月租2,500元。",無,雲林縣斗南鎮民權路40號
TRA,TRAJLY2603,汐止停3,25.077890396118164,121.66741180419922,每1小時20元，當日最高120元,無,新北市汐止區長安里長安路17 號
TRA,TRAJTY0161,惠民段停車場,22.73279,120.32474,汽車:每次30元 當日最高90元 ，月租2200元 營業時間：24小時,有,高雄市楠梓區惠誠街53號
TRA,TRAJTY0121,高雄和雲維新東街停車場,22.79391,120.29705,半小時20 1小時40,無,高雄市岡山區碧紅里岡燕路 31巷25號
TRA,TRAJLY1707,富岡停1,24.93444061279297,121.08345794677734,平日: 機車 30元/日。 假日: 機車 50元/日。 機車月租500元(不含假日)、800元(含假日)。,無,桃園市楊梅區成功路37號
TRA,TRAJLY2602,汐止停2,25.06817,121.6616,汽車臨停： 每1小時40元。 (北側1、2樓汽車：晚上10點~翌日早上8點，每小時10元) 機車臨停： 24小時內30元。,無,新北市信義路1號
TRA,TRAJSY0101,花蓮停三停車場,23.99173,121.60186,臨停部份20元/半小時，平日上限300元／天，假日上限500元／天(如有優惠方案則另行公告之)月租部份4000元／月租(如有優惠方案則另行公告之),無,花蓮縣花蓮市970國聯一路106號
TRA,TRAJTY0129,新左營停3,22.68628,120.30536,每半小時15元,有,尾北里站前南路9巷
TRA,TRAJNY2302,員林站法定停車場,23.957799911499023,120.56968688964844,汽車:平日15/半H    假日20/半H   12小時最高上限120     機車:一天平日20    假日30    ,有,彰化縣員林市民權街55號
TRA,TRAJLY2612,基隆停6,25.130239486694336,121.73735046386719,臨停： 機車：20元/次 汽車： 星期一至星期五：半小時15元，1小時30元。當日最高上限150元。 星期六至星期日：半小時20元，1小時40元。當日最高上限150元,無,基隆市中山區中山一路12號
TRA,TRAJLY0108,南港車站地下停車場,25.05202,121.60399,臨停費用: 汽車 平日：40元 假日：50元  (當日最高上限240元，跨日另計)  機車 40元/次，跨日另計。月租費用: 汽車：3300元/雙月繳6000元 機車：550元/ 雙月繳1000元(身障者半價),有,臺北市南港區忠孝東路七段265巷1號
TRA,TRAJTY0149,九曲堂後站停車場,22.65649,120.42178,汽車：15元/30分鐘，當日最高80元/隔日另計 機車：30元/次(離場再停或跨日另計收費),有,高雄市大樹區九曲路
TRA,TRAJLY1701,桃園停4,24.98883056640625,121.31088256835938,平日50元/時，假日60元/時,有,桃園市桃園區大同路77號旁
TRA,TRAJNY2301,彰化站前南側停車場,24.08163,120.53836,"汽車 平日15元/30分.假日25元/30分    平日上限150.假日上限200 機車 平假日10元/30分. 平日上限40.假日上限70"" 月租 機車:全月900/月.平日租700/雙月 汽車:全月5400/雙月.上班族4000/雙月.夜間3000/雙月",有,彰化縣彰化市長樂里三民路1號
TRA,TRAJLY1306,南樹林機車停車場,24.98035,121.40893,"30元/每次(平日), 38元/每次(假日)",無,新北市樹林區中山路2段230號
TRA,TRAJAB0202,南港BOT C2棟停車場,25.051979064941406,121.60356140136719,"計時:平日:15元/半小時,當日上限180元 假日:20元/半小時,當日上限200元 月租:4500元/2個月",無,臺北市南港區忠孝東路七段265巷1號
THSR,4000,高鐵新竹站P3汽車停車場,24.80977,121.04089,"
      ",無,新竹縣竹北市高鐵七路6號(P3汽車停車場)
THSR,2300,高鐵桃園站立體停車場(P3),25.014077,121.215969,"
      ",無,桃園市中壢區青埔里高鐵北路1段6號(P3立體停車場區-含機車停車場)
THSR,3900,高鐵新竹站P2汽車停車場,24.8063,121.04039,"
      ",無,新竹縣竹北市高鐵七路6號(P2汽車停車場)
THSR,2700,高鐵台中站立體停車場(P1),24.111,120.61697,"
      ",無,台中市烏日區站區二路8號(P1汽車立體停車場)
THSR,2800,高鐵台中站載客專用平面停車場(P2),24.11281,120.61613,"
      ",無,台中市烏日區站區二路8號(P2汽車停車場)
THSR,3300,高鐵台南站P1汽車停車場,22.92399,120.28675,"$60/H,當日當次最高上限$300",無,台南市歸仁區歸仁大道100號(P1汽車停車場)
THSR,2100,高鐵桃園站戶外短期停車場(P1),25.01318,121.21589,"
      ",無,桃園市中壢區青埔里高鐵北路1段6號(P1汽車停車場區)
THSR,2900,高鐵彰化站停車場,23.87404,120.57305,"
      ",無,彰化縣田中鎮站區路二段99號停車場
THSR,3100,高鐵嘉義站P1汽車停車場,23.45836,120.32358,"$30/H,當日當次最高上限$180",無,嘉義縣太保市高鐵西路168號(P1汽車停車場)
THSR,3200,高鐵嘉義站P2汽車停車場,23.457569,120.323308,"
      ",無,嘉義縣太保市高鐵西路168號(P2汽車停車場)
THSR,2200,高鐵桃園站戶外短期停車場(P2),25.01391,121.21491,"
      ",無,桃園市中壢區青埔里高鐵北路1段6號(P2汽車停車場區)
THSR,2400,高鐵新竹站P1汽車停車場,24.806131,121.039966,"
      ",無,新竹縣竹北市高鐵七路6號(P1汽車停車場)
THSR,2600,高鐵苗栗站戶外平面停車場(P2),24.60597,120.82448,"
      ",無,苗栗縣後龍鎮高鐵三路268號停車場
THSR,3700,高鐵嘉義站P3汽車停車場,23.46026,120.32268,"
      ",無,嘉義縣太保市高鐵西路168號(P3汽車停車場)
THSR,3500,高鐵台南站P3汽車停車場,22.92544,120.284461,"
      ",無,台南市歸仁區歸仁大道100號(P3汽車停車場)
THSR,3400,高鐵台南站P2汽車停車場,22.923061,120.286009,"
      ",無,台南市歸仁區歸仁大道100號(P2汽車停車場)
THSR,2500,高鐵苗栗站戶外平面停車場(P1),24.60648,120.82582,"
      ",無,苗栗縣後龍鎮高鐵三路268號停車場
THSR,3600,高鐵左營站停車場,22.68592,120.3066,"
      ",無,高雄市左營區高鐵路103號(P1立體停車場)
THSR,3800,高鐵嘉義站P4汽車停車場,23.46004,120.32394,"$30/H,當日當次最高上限$180",無,嘉義縣太保市高鐵西路168號(P4汽車停車場)
THSR,3000,高鐵雲林站停車場,23.73481,120.41667,"
      ",無,雲林縣虎尾鎮站前東路301號停車場
TRTC,TRTCNHD,捷運內湖機廠轉乘停車場,25.0618896484375,121.61766815185547,"汽車:轉乘臨停06:00~20:00 30元/時 20:00~06:00 10元/時 (當日收費上限150元)、全月轉乘停車證 1,800元 / 月 5,400元 / 季 ，機車:轉乘臨停 20元、全月轉乘停車證 300元 / 月 900元 / 季",有,臺北市南港區經貿一路265 號3、4、5 樓
TRTC,TRTCR22A,捷運新北投站轉乘停車場,25.136730194091797,121.50138854980469,汽車：1.平日： 06:00~24:00 20元/時 00:00~06:00 10元/時 2.假日： 06:00~11:00 20元/時 11:00~22:00 30元/時 22:00~24:00 20元/時 00:00~06:00 10元/時,有,臺北市北投區大業路700號
TRTC,TRTCO21,捷運迴龍站轉乘停車場,25.02284,121.41298,"汽車：轉乘臨停6:00~24:00 30元/時，0:00~6:00 10元/時，全月轉乘停車場3,000元/月 機車：轉乘臨停20元/次，全月轉乘停車場300元/月",無,新北市新莊區中正路758號
TRTC,TRTCR25,捷運關渡站轉乘停車場,25.125429153442383,121.46736145019531,僅提供定期票停車使用,無,臺北市北投區大度路3段296巷51號
TRTC,TRTCO12,捷運大橋頭站轉乘停車場,25.06332,121.5121,計次：20元/次,無,臺北市大同區民權西路225巷
TRTC,TRTCR23,捷運北投旅客服務中心停車場,25.13652992248535,121.48124694824219,"全日定期票：9,000元/季",有,臺北市北投區中央北路3段185號
TRTC,TRTCR19,捷運石牌站轉乘停車場,25.116050720214844,121.5146713256836,汽車：1.平日： 06:00~24:00 30元/時 00:00~06:00 10元/時 2.假日： 06:00~24:00 40元/時 00:00~06:00 10元/時,無,臺北市北投區石牌路1段200號
TRTC,TRTCBL02,捷運永寧站轉乘停車場,24.96564,121.43632,汽車：06:00~24:00 20元/時 00:00~06:00 10元/時 ；機車：10元/次,有,新北市土城區中央路3段105號
TRTC,TRTCR24,捷運忠義站轉乘停車場,25.12987,121.47163,汽車：1.平日： 06:00~24:00 20元/時 00:00~06:00 10元/時 2.假日： 06:00~11:00 20元/時 11:00~22:00 30元/時 22:00~24:00 20元/時 00:00~06:00 10元/時,無,臺北市北投區中央北路4段301號
TRTC,TRTCBL09,捷運江子翠站轉乘停車場,25.02952,121.47257,"全時季票：9,000元",有,新北市板橋區文化路2段296號
TRTC,TRTCR20,捷運唭哩岸站轉乘停車場,25.12066078186035,121.50798034667969,06:00~24:00 30元/時、00:00~06:00 10元/時,無,臺北市北投區東華街2段301號
TRTC,TRTCBL01,捷運頂埔站轉乘停車場,24.95888,121.4198,汽車：06:00~22:00 20元/時、22:00~06:00 10元/時。; 機車：20元/次。當日收費上限200元(0~24時),有,新北市土城區中央路4段51之6號
TRTC,TRTCR21,捷運奇岩站轉乘停車場,25.12673,121.50074,20元/次,無,臺北市北投區三合街2段489號
TRTC,TRTCR27,捷運紅樹林站轉乘停車場,25.15266,121.4592,汽車：06:00~24:00 20元/時 00:00~06:00 10元/時,有,新北市淡水區中正東路2段68號
TRTC,TRTCARENA,臺北小巨蛋停車場,25.04996,121.54969,"計時：汽車平日40元/時，假日60元/時，全程以半小時計費。月租：汽車全日8,000元/月，機車全日300元/月。計次：機車20元/次(隔日另計)。",有,臺北市松山區南京東路4段2號
TRTC,TRTCBR19,捷運內湖站轉乘停車場,25.08378028869629,121.5942611694336,轉乘臨停 20元/次 停車時段：24小時，按日計次收費，全月轉乘停車證 300元/月 450元/季 。 ,無,臺北市內湖區成功路4 段186 號B1
TRTC,TRTCR13,捷運民權西路站轉乘停車場,25.06131,121.52016,機車：20元/次,無,臺北市大同區民權西路72號
TRTC,TRTCBL06,捷運府中站轉乘停車場,25.00806999206543,121.45855712890625,轉乘臨停	30元/次	停車時段：24小時，按日計次收費。,無,新北市板橋區縣民大道1段193號
TRTC,TRTCBR24,捷運南港展覽館站轉乘停車場,25.05521011352539,121.61856842041016,"轉乘臨停 1.平日：20元/次 2.假日：30元/次，全月轉乘停車證 400元/月 1,200元/季 ",無,臺北市南港區台北市經貿一路1102號
TRTC,TRTCBR18,捷運文德站轉乘停車場,25.078399658203125,121.58490753173828,"轉乘臨停	06:00~22:00 30元/時 22:00~06:00 10元/時，全月轉乘停車證 3,500元/月 9,450元/季 停車時段",無,臺北市內湖區文德路216號
TRTC,TRTCO01,捷運南勢角站轉乘停車場,24.99065,121.50844,1.平日：06:00~24:00 30元/時、00:00~06:00 10元/時2.假日：06:00~24:00 40元/時、00:00~06:00 10元/時,有,新北市中和區捷運路6號
TRTC,TRTCR16,捷運士林站轉乘停車場,25.092390060424805,121.52668762207031,汽車：06:00~24:00 50元/時、00:00~06:00 20元/時；機車：20元/次,有,臺北市士林區福德路1號
TRTC,TRTCPTD,捷運北投機廠地下停車場,25.13463,121.4847,計次40元,有,臺北市北投區台北市大業路527巷88號
TRTC,TRTCMCD,捷運木柵機廠轉乘停車場,25.00124,121.58602,120 元 / 次(僅假日開放08：00~16：00),有,臺北市文山區新光路2段19號
TRTC,TRTCO54,捷運蘆洲站轉乘停車場,25.092449188232422,121.46459197998047,1.汽車：06:00~22:00 30元/時 22:00~06:00 10元/時。2.機車：計次：20元/次,有,新北市蘆洲區三明路386號B1
TRTC,TRTCBR02,捷運木柵站轉乘停車場,24.99815,121.57291,轉乘臨停	06:00~22:00 30元/時 22:00~06:00 10元/時	,有,臺北市文山區木柵路4段135號
TRTC,TRTCZOOHR,動物園河川高灘地堤外停車場,24.99809,121.57833,小型車平日50元/次，例假日60元/小時；大型車平日60元/次,無,臺北市文山區新光路二段2號堤外停車場
TRTC,TRTCG01,捷運新店站轉乘停車場,24.95697021484375,121.53748321533203,汽車：1.平日：06:00~22:00 30元/時、22:00~06:00 20元/時 2.假日：06:00~11:00 30元/時、11:00~22:00 40元/時、22:00~06:00 20元/時。機車：計次：20元/次,有,新北市新店區北宜路1段2號B2-B4
TRTC,TRTCR17,捷運芝山站轉乘停車場,25.101179122924805,121.52303314208984,汽車：1.平日： 06:00~24:00 30元/時、00:00~06:00 10元/時。2.假日： 06:00~11:00 30元/時、11:00~22:00 40元/時、22:00~24:00 30元/時、00:00~06:00 10元/時；機車：20元/次,有,臺北市士林區福國路70號
TRTC,TRTCR28,捷運淡水站轉乘停車場,25.1681,121.44482,汽車：1.平日：06:00~24:00 30元/時、00:00~06:00 20元/時 。2.假日：06:00~24:00 60元/時 、00:00~06:00 20元/時，全程以半小 時計費。機車： 30元/次。,有,新北市淡水區中正路1號
TRTC,TRTCTCAP,兒童新樂園停車場,25.098119735717773,121.51487731933594,汽車：1.平日：08:00~20:00 30元/時。 2.假日：08:00~20:00 40元/時。 3.夜間不開放臨停車輛入場。 4.收費以30分鐘為計價單位，未滿30分鐘以30分鐘計。機車：20元/次。,有,臺北市士林區承德路5段55號
TRTC,TRTCBL04,捷運海山站轉乘停車場,24.98705,121.44924,汽車：06:00~22:00 40元/時  22:00~06:00 20元/時 ；機車：20元/次,有,新北市土城區海山路39號
TRTC,TRTCR22,捷運北投站轉乘停車場,25.13289,121.498,汽車：1.平日： 06:00~24:00 30元/時 00:00~06:00 10元/時 2.假日： 06:00~11:00 30元/時 11:00~22:00 40元/時 22:00~24:00 30元/時 00:00~06:00 10元/時；機車：20元/次,無,臺北市北投區11246光明路1號
KRTC,KRTC04,高雄捷運O9技擊館站轉乘停車場,22.627910614013672,120.33402252197266,每次15元，隔日另計,無,高雄市苓雅區中正一路99號
KRTC,KRTC06,高雄捷運OT1大寮站停車場,22.62183,120.3924,機車收費：當日計次：每次20元 。汽車收費：每半小時15元，平日最高收費50元， 假日最高收費100元。,有,高雄市大寮區捷西路300號
KRTC,KRTC05,高雄捷運R24岡山高醫站第一停車場,22.778799057006836,120.29998016357422,15元/半小時(平日最高50元/天，假日最高100元/天),無,高雄市岡山區捷安路
KRTC,KRTC03,高雄捷運O8五塊厝站轉乘停車場,22.629150390625,120.3282470703125,每次15元，隔日另計,無,高雄市苓雅區中正一路286號
KRTC,KRTC02,高雄捷運R23橋頭火車站轉乘停車場,22.75922966003418,120.31183624267578,汽車:平日每半小時10元，當日最高50元；假日每半小時15元，當日最高100元,無,高雄市橋頭區站前街12之1號
KRTC,KRTC01,高雄捷運R22青埔站轉乘停車場,22.74407958984375,120.31784057617188,汽車:平日10元/半小時，當日最高50元；機車:每次15元，隔日另計。,無,高雄市橋頭區經武路20號
TYMC,TYMA06,泰山貴和站停車場,25.033510208129883,121.4228286743164,汽車每小時30元，每日最高150元，電子票證享有折抵優惠，身障優惠前4小時免費，超過4小時，以收費費率半價計收。機車每次30元，每日零點重新計算，電子票證優惠每次20元。汽車月租:全日月租2000元，季租4500元；機車月票300元，季租750元。,無,新北市泰山區新北大道六段460號
TYMC,TYMA20,興南站停車場,24.97985076904297,121.21614837646484,汽車每小時30元，每日最高150元，電子票證享有折抵優惠，身障優惠前4小時免費，超過4小時，以收費費率半價計收。機車每次30元，每日零點重新計算，電子票證優惠每次20元。汽車月租:全日月租2000元，季租4500元；機車月票300元，季租750元。,無,桃園市中壢區中豐北路一段685號
TYMC,TYMA16,橫山站停車場,25.037099838256836,121.21573638916016,汽車每小時30元，每日最高150元，電子票證享有折抵優惠，身障優惠前4小時免費，超過4小時，以收費費率半價計收。機車每次30元，每日零點重新計算，電子票證優惠每次20元。汽車月租:全日月租2000元，季租4500元；機車月票300元，季租750元,無,桃園市大園區大竹南路1180號
TYMC,TYMA09,林口站停車場,25.066619873046875,121.36145782470703,汽車每小時30元，每日最高150元，電子票證享有折抵優惠，身障優惠前4小時免費，超過4小時，以收費費率半價計收。機車每次30元，每日零點重新計算，電子票證優惠每次20元。汽車月租:全日月租2000元，季租4500元；機車月票300元，季租750元,無,新北市林口區八德路290號
TYMC,TYMA04,新莊副都心站停車場,25.058929443359375,121.44508361816406,汽車每小時30元，每日最高150元，電子票證享有折抵優惠，身障優惠前4小時免費，超過4小時，以收費費率半價計收。機車每次30元，每日零點重新計算，電子票證優惠每次20元。汽車月租:全日月租2000元，季租4500元；機車月票300元，季租750元。,無,新北市新莊區新北大道四段188號
TYMC,TYMA11,坑口站停車場,25.086029052734375,121.26725006103516,汽車每小時30元，每日最高150元，電子票證享有折抵優惠，身障優惠前4小時免費，超過4小時，以收費費率半價計收。機車每次30元，每日零點重新計算，電子票證優惠每次20元。汽車月租:全日月租2000元，季租4500元；機車月票300元，季租750元。,無,桃園市蘆竹區山菓路366號
TYMC,TYMA10,山鼻站停車場,25.080810546875,121.28426361083984,汽車每小時30元，每日最高150元，電子票證享有折抵優惠，身障優惠前4小時免費，超過4小時，以收費費率半價計收。機車每次30元，每日零點重新計算，電子票證優惠每次20元。汽車月租:全日月租2000元，季租4500元；機車月票300元，季租750元。,無,桃園市蘆竹區南山路三段155號 
TYMC,TYMA17,領航站停車場,25.02290916442871,121.22216033935547,汽車每小時30元，每日最高150元，電子票證享有折抵優惠，身障優惠前4小時免費，超過4小時，以收費費率半價計收。機車每次30元，每日零點重新計算，電子票證優惠每次20元。汽車月租:全日月租2000元，季租4500元；機車月票300元，季租750元。,無,桃園市大園區領航北路四段351號
TYMC,TYMA19,桃園體育園區站停車場,25.002429962158203,121.20323181152344,汽車每小時30元，每日最高150元，電子票證享有折抵優惠，身障優惠前4小時免費，超過4小時，以收費費率半價計收。機車每次30元，每日零點重新計算，電子票證優惠每次20元。汽車月租:全日月租2000元，季租4500元；機車月票300元，季租750元。,有,桃園市中壢區高鐵南路二段352號
TYMC,TYMA03,新北產業園區站停車場,25.06239,121.45947,汽車每小時30元，每日最高150元，電子票證享有折抵優惠，身障優惠前4小時免費，超過4小時，以收費費率半價計收。機車每次30元，每日零點重新計算，電子票證優惠每次20元。汽車月租:全日月租2000元，季租4500元；機車月票300元，季租750元,無,新北市新莊區五工路37號
TYMC,TYMA05,泰山站停車場,25.05267906188965,121.44014739990234,汽車每小時30元，每日最高150元，電子票證享有折抵優惠，身障優惠前4小時免費，超過4小時，以收費費率半價計收。機車每次30元，每日零點重新計算，電子票證優惠每次20元。汽車月租:全日月租2000元，季租4500元；機車月票300元，季租750元。,無,新北市泰山區新北大道四段431號
TYMC,TYMA15,大園站停車場,25.05670928955078,121.21013641357422,汽車每小時30元，每日最高150元，電子票證享有折抵優惠，身障優惠前4小時免費，超過4小時，以收費費率半價計收。機車每次30元，每日零點重新計算，電子票證優惠每次20元。汽車月租:全日月租2000元，季租4500元；機車月票300元，季租750元。,無,桃園市大園區橫湳一路50號
TYMC,TYMA07,體育大學站停車場,25.04153060913086,121.3851318359375,汽車每小時30元，每日最高150元，電子票證享有折抵優惠，身障優惠前4小時免費，超過4小時，以收費費率半價計收。機車每次30元，每日零點重新計算，電子票證優惠每次20元。汽車月租:全日月租2000元，季租4500元；機車月票300元，季租750元,無,桃園市龜山區文化一路688號
TYMC,TYMA21,環北站停車場,24.96746063232422,121.22126770019531,汽車每小時30元，每日最高150元，電子票證享有折抵優惠，身障優惠前4小時免費，超過4小時，以收費費率半價計收。機車每次30元，每日零點重新計算，電子票證優惠每次20元。汽車月租:全日月租2000元，季租4500元；機車月票300元，季租750元。,有,桃園市中壢區中豐北路一段26號
TMRT,TMRTG008,捷運文華高中站機車轉乘停車場,24.171550750732422,120.66040802001953,以次計費，每次20元，隔日另計(以凌晨2時為跨日基準) / 單站月租300元/月,無,臺中市西屯區大河里15鄰文心路三段199號
TMRT,TMRTG004,捷運松竹站機車轉乘停車場,24.180830001831055,120.70179748535156,免費,無,臺中市北屯區北屯路458號
TMRT,TMRTG016,捷運烏日站機車轉乘停車場,24.108919143676758,120.62507629394531,免費,無,臺中市烏日區建國路295號
TMRT,TMRTG000,捷運北屯總站機車轉乘停車場,24.18954086303711,120.70828247070312,以次計費，每次20元，隔日另計(以凌晨2時為跨日基準) / 單站月租300元/月,無,臺中市北屯區敦富東街100號
TMRT,TMRTG006,捷運文心崇德站機車轉乘停車場,24.17186,120.68517,以次計費，每次20元，隔日另計(以凌晨2時為跨日基準) / 單站月租300元/月,無,臺中市平德里19鄰文心路四段538號
TMRT,TMRTG012,捷運豐樂公園站機車轉乘停車場,24.13241,120.64676,以次計費，每次20元，隔日另計(以凌晨2時為跨日基準) / 單站月租300元/月,無,臺中市南屯區豐樂里26鄰文心南路168號
TMRT,TMRTG008a,捷運文心櫻花站機車轉乘停車場,24.16823959350586,120.65361785888672,以次計費，每次20元，隔日另計(以凌晨2時為跨日基準) / 單站月租300元/月,無,臺中市西屯區台中市何仁里21鄰文心路三段107之28號
TMRT,TMRTG015N,捷運九德站機車轉乘停車場(北側),24.11025,120.63443,不收費,無,臺中市烏日區建國路639號
TMRT,TMRTG003,捷運舊社站停車場,24.18288,120.70757,機車：以次計費，每次20元，隔日另計(以凌晨2時為跨日基準) / 單站月租300元/月。汽車：每小時30元，停車時數未滿1小時者，以1小時計算收費，停車時數逾1小時以上，其超過不滿1小時部份，如不逾30分鐘者，以半小時計算；如逾30分鐘者，仍以1小時計算。汽車月票新台幣1500元整。,有,臺中市北屯區敦富路101號
TMRT,TMRTG007,捷運文心中清站機車轉乘停車場,24.1735897064209,120.67072296142578,以次計費，每次20元，隔日另計(以凌晨2時為跨日基準) / 單站月租300元/月,無,臺中市北區立人里010鄰文心路三段700號
TMRT,TMRTG014,捷運九張犁站機車轉乘停車場,24.11444,120.63969,免費,無,臺中市烏日區建國路915號
TMRT,TMRTG013,捷運大慶站機車轉乘停車場,24.119110107421875,120.64742279052734,以次計費，每次20元，隔日另計(以凌晨2時為跨日基準) / 單站月租300元/月,有,臺中市南區樹德里7鄰建國北路一段11號
TMRT,TMRTG010,捷運水安宮站機車轉乘停車場,24.15341,120.64646,以次計費，每次20元，隔日另計(以凌晨2時為跨日基準) / 單站月租300元/月,無,臺中市南屯區台中市溝墘里14鄰文心路一段519號
TMRT,TMRTG005,捷運四維國小站機車轉乘停車場,24.17094,120.69325,以次計費，每次20元，隔日另計(以凌晨2時為跨日基準) / 單站月租300元/月,無,臺中市平昌里19鄰文心路四段 898號
TMRT,TMRTG015S,捷運九德站機車轉乘停車場(南側),24.11104,120.6341,以次計費，每次20元，隔日另計(以凌晨2時為跨日基準) / 單站月租300元/月,有,臺中市烏日區建國路639號
TMRT,TMRTG011,捷運南屯站機車轉乘停車場,24.1403,120.64702,以次計費，每次20元，隔日另計(以凌晨2時為跨日基準) / 單站月租300元/月,有,臺中市南屯區同心里14鄰五權西路二段328號
TMRT,TMRTG005B1,捷運四維國小站機車轉乘停車場,24.170970916748047,120.69345092773438,以次計費，每次20元，隔日另計(以凌晨2時為跨日基準) / 單站月租300元/月,無,臺中市北屯區平昌里19鄰文心路四段898號
